{
  "0x0d500b1d8e8ef31e21c99d1db9a6444d3adf1270": {
    "address": "0x0d500b1d8e8ef31e21c99d1db9a6444d3adf1270",
    "name": "Wrapped Polygon Ecosystem Token",
    "symbol": "WPOL",
    "decimals": 18,
    "network": "polygon"
  },
  "0x3c499c542cef5e3811e1192ce70d8cc03d5c3359": {
    "address": "0x3c499c542cef5e3811e1192ce70d8cc03d5c3359",
    "name": "USD Coin",
    "symbol": "USDC",
    "decimals": 6,
    "network": "polygon"
  },
  "0xeb51d9a39ad5eef215dc0bf39a8821ff804a0f01": {
    "address": "0xeb51d9a39ad5eef215dc0bf39a8821ff804a0f01",
    "name": "Longinus",
    "symbol": "LGNS",
    "decimals": 9,
    "network": "polygon"
  },
  "0x5b50ef5a6f43246526d02f9b498d66fb036de5d4": {
    "address": "0x5b50ef5a6f43246526d02f9b498d66fb036de5d4",
    "name": "Vaugycoin",
    "symbol": "VGY",
    "decimals": 18,
    "network": "polygon"
  },
  "0x1bfd67037b42cf73acf2047067bd4f2c47d9bfd6": {
    "address": "0x1bfd67037b42cf73acf2047067bd4f2c47d9bfd6",
    "name": "(PoS) Wrapped BTC",
    "symbol": "WBTC",
    "decimals": 8,
    "network": "polygon"
  },
  "0x6a92b1e99de09f71cd96bc91f934826d96b8b26e": {
    "address": "0x6a92b1e99de09f71cd96bc91f934826d96b8b26e",
    "name": "AS Token",
    "symbol": "AS",
    "decimals": 9,
    "network": "polygon"
  },
  "0x695fc8b80f344411f34bdbcb4e621aa69ada384b": {
    "address": "0x695fc8b80f344411f34bdbcb4e621aa69ada384b",
    "name": "Nitro (PoS)",
    "symbol": "NITRO",
    "decimals": 18,
    "network": "polygon"
  },
  "0x3d348fd2ef1af8946629eafd61a5c08314f8cdd8": {
    "address": "0x3d348fd2ef1af8946629eafd61a5c08314f8cdd8",
    "name": "Artyfact",
    "symbol": "ARTY",
    "decimals": 6,
    "network": "polygon"
  },
  "0xd6df932a45c0f255f85145f286ea0b292b21c90b": {
    "address": "0xd6df932a45c0f255f85145f286ea0b292b21c90b",
    "name": "Aave (PoS)",
    "symbol": "AAVE",
    "decimals": 18,
    "network": "polygon"
  },
  "0x8f3cf7ad23cd3cadbd9735aff958023239c6a063": {
    "address": "0x8f3cf7ad23cd3cadbd9735aff958023239c6a063",
    "name": "(PoS) Dai Stablecoin",
    "symbol": "DAI",
    "decimals": 18,
    "network": "polygon"
  },
  "0xa7ea9139efb823f112481b9194c57a1131abc489": {
    "address": "0xa7ea9139efb823f112481b9194c57a1131abc489",
    "name": "Donkey",
    "symbol": "DONKEY",
    "decimals": 6,
    "network": "polygon"
  }
}